{
    "stats": {
        "wan_total": 2205862095,
        "clients_internet": 1873705114,
        "clients_local": 418838,
        "wan_apps": {
            "Other/Web": 416015973,
            "HTTPS (Web)": 1047688582,
            "Google": 181523502,
            "Facebook": 220066481,
            "WhatsApp": 1264162,
            "Microsoft": 771567,
            "YouTube": 16712971,
            "TikTok": 12560274,
            "Apple": 511829,
            "Twitter": 74,
            "Instagram": 7670526
        },
        "host_mac": "HOST_PC",
        "start_time": 1766514084.9655998,
        "last_save_date": "2025-12-23"
    },
    "devices": {
        "HOST_PC": {
            "IP": "192.168.1.9",
            "Name": "MY LAPTOP",
            "Vendor": "Host",
            "Total_Internet": 332156981,
            "Total_Local": 0,
            "FirstSeen": 1766514088.3598206,
            "LastSeen": 1766521394.557607,
            "Apps": {
                "Other/Web": 42666247,
                "Google": 70407098,
                "Facebook": 62727173,
                "WhatsApp": 456241,
                "Microsoft": 722356,
                "YouTube": 13379097,
                "Apple": 17981,
                "Instagram": 7581824
            },
            "IP_Log": null
        },
        "70:1f:3c:3b:83:23": {
            "IP": "192.168.137.231",
            "Name": "Tablet",
            "Vendor": "Samsung",
            "Total_Internet": 497907629,
            "Total_Local": 15763,
            "FirstSeen": 1766514088.9778724,
            "LastSeen": 1766521394.0899565,
            "Apps": {
                "Unknown": 54520044,
                "LAN/Local": 15763,
                "Google": 600190,
                "YouTube": 1440017,
                "Other/Web": 399733,
                "HTTPS (Web)": 440947645
            },
            "IP_Log": null
        },
        "00:28:f8:c6:ba:8d": {
            "IP": "192.168.137.244",
            "Name": "Laptop HP",
            "Vendor": "Intel/HP",
            "Total_Internet": 349154042,
            "Total_Local": 354782,
            "FirstSeen": 1766514089.619666,
            "LastSeen": 1766521390.565832,
            "Apps": {
                "LAN/Local": 354782,
                "Unknown": 69033479,
                "Google": 109497686,
                "WhatsApp": 446859,
                "Other/Web": 69526467,
                "HTTPS (Web)": 99103077,
                "YouTube": 1408561,
                "Microsoft": 49211,
                "Instagram": 88702
            },
            "IP_Log": null
        },
        "9a:15:22:de:92:f9": {
            "IP": "192.168.137.187",
            "Name": "iPhone 13",
            "Vendor": "Apple",
            "Total_Internet": 442895093,
            "Total_Local": 0,
            "FirstSeen": 1766514094.3344164,
            "LastSeen": 1766521093.013242,
            "Apps": {
                "Unknown": 877469,
                "Google": 657662,
                "WhatsApp": 117942,
                "Other/Web": 81151089,
                "HTTPS (Web)": 221661631,
                "YouTube": 477284,
                "Facebook": 137725345,
                "Apple": 226671
            },
            "IP_Log": null
        },
        "12:0f:06:c3:2b:e6": {
            "IP": "192.168.137.15",
            "Name": "Device-2b:e6",
            "Vendor": "Huawei",
            "Total_Internet": 326157430,
            "Total_Local": 48293,
            "FirstSeen": 1766514131.533246,
            "LastSeen": 1766521394.5562499,
            "Apps": {
                "Unknown": 7798974,
                "LAN/Local": 48293,
                "WhatsApp": 24464,
                "Google": 289474,
                "TikTok": 13389077,
                "Apple": 16294,
                "Other/Web": 15591224,
                "HTTPS (Web)": 288833904,
                "Facebook": 205793,
                "YouTube": 8012,
                "Twitter": 214
            },
            "IP_Log": null
        },
        "8a:af:98:60:2d:ee": {
            "IP": "192.168.137.251",
            "Name": "iPhone 11",
            "Vendor": "Apple",
            "Total_Internet": 257590920,
            "Total_Local": 0,
            "FirstSeen": 1766514662.0301452,
            "LastSeen": 1766521228.5876493,
            "Apps": {
                "Unknown": 210234,
                "Google": 71392,
                "WhatsApp": 218656,
                "Other/Web": 206681213,
                "HTTPS (Web)": 30750372,
                "Apple": 250883,
                "Facebook": 19408170
            },
            "IP_Log": null
        }
    }
}