{
    "stats": {
        "wan_total": 5542775282,
        "clients_internet": 4330083408,
        "clients_local": 28052449,
        "wan_apps": {
            "Other/Web": 2848428008,
            "HTTPS (Web)": 1239866935,
            "Google": 296594346,
            "Facebook": 375139599,
            "WhatsApp": 48152436,
            "Microsoft": 3765923,
            "YouTube": 69093031,
            "TikTok": 12561693,
            "Apple": 66333660,
            "Twitter": 74,
            "Instagram": 11884723,
            "Twitter/X": 67428399,
            "HTTPS": 3973120,
            "WhatsApp/Jabber": 189980,
            "DNS": 454587,
            "Spotify": 40485776,
            "GitHub": 1168338,
            "Skype": 320931,
            "Akamai": 1921,
            "Google Search": 141606452,
            "HTTP": 45838,
            "Office 365": 1006835,
            "Teams": 36487,
            "Amazon": 4127059,
            "Cloudflare": 7903433,
            "WordPress": 6746,
            "LinkedIn": 1111815,
            "Zoom": 10983
        },
        "host_mac": "HOST_PC",
        "start_time": 1766514084.9655998,
        "last_save_date": "2025-12-24"
    },
    "devices": {
        "HOST_PC": {
            "IP": "192.168.1.9",
            "Name": "MY LAPTOP",
            "Vendor": "Host",
            "Total_Internet": 1212691874,
            "Total_Local": 0,
            "FirstSeen": 1766514088.3598206,
            "LastSeen": 1766541257.6322184,
            "Apps": {
                "Other/Web": 666479852,
                "Google": 166480142,
                "Facebook": 67078640,
                "WhatsApp": 2034354,
                "Microsoft": 3666512,
                "YouTube": 64526916,
                "Apple": 4697332,
                "Instagram": 7574706,
                "Twitter/X": 41807010,
                "DNS": 454587,
                "Spotify": 40437562,
                "GitHub": 1168338,
                "Skype": 107803,
                "Akamai": 1472,
                "Google Search": 49791840,
                "HTTP": 6796,
                "Office 365": 733895,
                "Teams": 12066,
                "Amazon": 259125,
                "Cloudflare": 7903433,
                "WordPress": 6746,
                "LinkedIn": 160880,
                "Zoom": 10983
            },
            "IP_Log": null
        },
        "70:1f:3c:3b:83:23": {
            "IP": "192.168.137.65",
            "Name": "Tablet",
            "Vendor": "Samsung",
            "Total_Internet": 1295982714,
            "Total_Local": 759447,
            "FirstSeen": 1766514088.9778724,
            "LastSeen": 1766541096.1840699,
            "Apps": {
                "Unknown": 54520044,
                "LAN/Local": 759447,
                "Google": 1196753,
                "YouTube": 2168364,
                "Other/Web": 779268767,
                "HTTPS (Web)": 449777064,
                "Facebook": 30015,
                "HTTPS": 8752275,
                "WhatsApp": 7008,
                "HTTP": 2238,
                "Google Search": 194308,
                "Twitter/X": 43179,
                "Skype": 22699
            },
            "IP_Log": "192.168.137.231 > 192.168.137.65"
        },
        "00:28:f8:c6:ba:8d": {
            "IP": "192.168.137.244",
            "Name": "Laptop HP",
            "Vendor": "Intel/HP",
            "Total_Internet": 600810397,
            "Total_Local": 1703883,
            "FirstSeen": 1766514089.619666,
            "LastSeen": 1766541257.6045198,
            "Apps": {
                "LAN/Local": 1703883,
                "Unknown": 69033479,
                "Google": 127782216,
                "WhatsApp": 3010634,
                "Other/Web": 200363053,
                "HTTPS (Web)": 106396826,
                "YouTube": 1762461,
                "Microsoft": 99411,
                "Instagram": 250081,
                "HTTPS": 5009023,
                "Twitter/X": 8081169,
                "WhatsApp/Jabber": 70602,
                "Spotify": 48214,
                "Skype": 180712,
                "HTTP": 10674,
                "Akamai": 449,
                "Google Search": 78429695,
                "Teams": 24421,
                "Office 365": 257277
            },
            "IP_Log": null
        },
        "9a:15:22:de:92:f9": {
            "IP": "192.168.137.187",
            "Name": "iPhone 13",
            "Vendor": "Apple",
            "Total_Internet": 1221876981,
            "Total_Local": 23511611,
            "FirstSeen": 1766514094.3344164,
            "LastSeen": 1766540855.3727818,
            "Apps": {
                "Unknown": 877469,
                "Google": 676296,
                "WhatsApp": 23033176,
                "Other/Web": 560308040,
                "HTTPS (Web)": 389773258,
                "YouTube": 564930,
                "Facebook": 163454412,
                "Apple": 31485125,
                "LAN/Local": 23511611,
                "HTTPS": 17342549,
                "WhatsApp/Jabber": 72412,
                "Twitter/X": 16669792,
                "Google Search": 12774659,
                "Office 365": 15663,
                "Amazon": 3867934,
                "HTTP": 614,
                "Skype": 9717,
                "LinkedIn": 950935
            },
            "IP_Log": null
        },
        "12:0f:06:c3:2b:e6": {
            "IP": "192.168.137.15",
            "Name": "Device-2b:e6",
            "Vendor": "Huawei",
            "Total_Internet": 378196262,
            "Total_Local": 63197,
            "FirstSeen": 1766514131.533246,
            "LastSeen": 1766541176.6995554,
            "Apps": {
                "Unknown": 7798974,
                "LAN/Local": 63197,
                "WhatsApp": 39535,
                "Google": 291066,
                "TikTok": 13389855,
                "Apple": 19134,
                "Other/Web": 60608951,
                "HTTPS (Web)": 295834118,
                "Facebook": 206041,
                "YouTube": 8374,
                "Twitter": 214
            },
            "IP_Log": null
        },
        "8a:af:98:60:2d:ee": {
            "IP": "192.168.137.250",
            "Name": "iPhone 11",
            "Vendor": "Apple",
            "Total_Internet": 829608552,
            "Total_Local": 1031434,
            "FirstSeen": 1766514662.0301452,
            "LastSeen": 1766541257.625084,
            "Apps": {
                "Unknown": 210234,
                "Google": 167873,
                "WhatsApp": 19945266,
                "Other/Web": 580062800,
                "HTTPS (Web)": 45968817,
                "Apple": 30132069,
                "Facebook": 144078801,
                "HTTPS": 4687795,
                "WhatsApp/Jabber": 155090,
                "Google Search": 106286,
                "Instagram": 4059936,
                "YouTube": 31611,
                "LAN/Local": 1031434,
                "HTTP": 1974
            },
            "IP_Log": "192.168.137.251 > 192.168.137.250"
        },
        "fe:ef:d9:d0:8f:c8": {
            "IP": "192.168.137.64",
            "Name": "Relme omo haga",
            "Vendor": "",
            "Total_Internet": 3608502,
            "Total_Local": 982877,
            "FirstSeen": 1766529025.0159764,
            "LastSeen": 1766534175.9315534,
            "Apps": {
                "Other/Web": 1336545,
                "HTTPS": 696196,
                "HTTP": 23542,
                "Facebook": 291690,
                "LAN/Local": 982877,
                "WhatsApp/Jabber": 10778,
                "WhatsApp": 82463,
                "Google Search": 309664,
                "Twitter/X": 827249,
                "YouTube": 30375
            },
            "IP_Log": null
        }
    }
}